"record_id","region","city_or_area","category","name","release_or_event_date","responsible_institution","source_type","official_priority","mentions_embodied_ai","mentions_data_collection","mentions_training_field","mentions_evaluation","mentions_public_platform","mentions_open_source_or_open_platform","mentions_standards","evidence_summary","relevance_to_training_data_business","status","source_url","verification_notes"
"EALP-001","北京","北京经开区/亦庄","policy","北京经济技术开发区关于推动具身智能机器人创新发展的若干措施","2025-08-12","北京经济技术开发区管理委员会","政策文件","S","yes","yes","yes","yes","yes","yes","partial","提出到2027年底打造千万规模级真实世界具身智能数据集；开放产业园区、商务楼宇、酒店公寓、医院药房等数据采集场景；遴选标杆具身智能实训场；支持数据集、数据交易共享、数据券和机器人二次开发社区。","对国内ToB数据采集服务最直接：政府补贴数据集、实训场和数据采购，适合验证数据工厂、场景运营、数据产品交易三类商业模式。","verified","https://kfqgw.beijing.gov.cn/zwgkkfq/2024zcwj/202508/t20250812_4171688.html","已核原文；后续可跟踪数据券实施细则、首批实训场名单和数据产品交易目录。"
"EALP-002","北京","北京经开区/台湖","public_training_field","北京人形机器人创新中心具身智能数据训练基地","2025-07-24","北京人形机器人创新中心；北京亦庄","政府部门新闻","S","yes","yes","yes","yes","yes","no","partial","国内首个基于真实场景的具身智能数据训练基地启动建设；包含具身智能训练与评测中心和具身智能运营中心；十大典型场景；动作捕捉、能力测试、机器人错题本、遥操作区、真实场景实训和数据飞轮闭环。","可作为公共训练场SOP样板：场景共建、动捕采集、能力测评、遥操作、真实场景准入和数据闭环。","verified","https://kw.beijing.gov.cn/xwdt/kcyx/xwdtscyqld/202507/t20250724_4156535.html","需后续核验基地正式开放后的场景清单、收费方式、数据格式和服务对象。"
"EALP-003","北京","石景山/首钢园","data_factory","石景山人形机器人数据训练中心/中关村（石景山）具身智能数据要素产业园","2025-09-26;2026-05-12","石景山区政府；京石科创集团；乐聚机器人等","政府部门新闻/首都之窗转载","S","yes","yes","yes","yes","yes","no","yes","国内最大人形机器人训练场落地石景山，披露年产数据量超600万条；2026年报道显示近270台套机器人满负荷训练、年生产数据近2000万条，并推进中关村（石景山）具身智能数据要素产业园。","代表重资产数据工厂路线，重点看标准化数据生产、数据交易、数据要素产业园和垂类场景数据服务。","verified","https://kw.beijing.gov.cn/xwdt/kcyx/xwdtshgg/202509/t20250926_4211351.html;https://www.beijing.gov.cn/fuwu/lqfw/gggs/202605/t20260512_4647044.html","需后续核验可对外购买的数据产品、数据确权方式、客户案例和具体数据质量指标。"
"EALP-004","北京","朝阳/国家速滑馆","evaluation_center","人形机器人产业生态训练和测评基地；ET-BenchMark","2026-04-27","中关村科技园区朝阳园管委会；中国电子信息产业发展研究院；中国软件评测中心；北京北奥集团","政府部门新闻","S","yes","partial","yes","yes","yes","no","yes","人形机器人产业生态训练和测评基地启动，定位为训练、测评、中试、认证、赛事支撑、产业服务公共服务平台；发布覆盖多形态具身智能机器人的系统性测评基准ET-BenchMark。","说明训练场正在和测评、认证、赛事合流，ToB服务可把数据采集、评测报告、准入认证打包。","verified","https://kw.beijing.gov.cn/xwdt/kcyx/xwdtshgg/202604/t20260427_4616009.html","需获取ET-BenchMark正式文档、测试项目、评价指标和收费/开放机制。"
"EALP-005","北京","海淀","policy","关于打造全国具身智能创新高地的三年行动方案（2024—2026年）","2024-11-07","北京市海淀区人民政府；北京市发展改革委；北京市科委中关村管委会；北京市经济和信息化局","政策文件转载","S","yes","yes","partial","yes","yes","partial","partial","提出打造具身智能创新中心，建设高质量多模态具身智能训练数据库，搭建端到端仿真开发平台，开展场景实测验证。","偏研发和模型生态，适合作为高校/实验室/创新中心型数据平台线索。","needs_follow_up","https://www.ncsti.gov.cn/zcfg/zcwj/202411/t20241107_184962.html","该来源为国家科技成果转化项目库转载，后续应补海淀区或北京市原始发布页。"
"EALP-006","上海","全市","policy","上海市具身智能产业发展实施方案","2025-07-28","上海市人民政府办公厅","政策文件","S","yes","yes","yes","yes","yes","yes","yes","提出到2027年具身模型、具身语料等核心算法与技术突破不少于20项；支持具身语料技术、语料工具链、高质量具身数据集、语料券；建设算力、数字孪生实训场、中试、投资、租赁五大平台。","上海把具身语料、数字孪生实训场和公共平台写入市级政策，适合数据工具链、语料产品和仿真训练场服务。","verified","https://www.shanghai.gov.cn/nw12344/20250806/f9cb53544505426d807055ca20bd69fc.html","后续跟踪语料券实施办法、数字孪生实训场主体和五大平台落地名单。"
"EALP-007","上海","浦东/张江","standardization_trial","上海虚实融合具身智能训练场标准化试点","2025-10-10","人形机器人（上海）有限公司/国家地方共建人形机器人创新中心；浦东新区人民政府","政府新闻","S","yes","yes","yes","yes","yes","partial","yes","全国首个具身智能领域国家级标准化试点；上海国地中心主训练场统领全国分训练场的1+N模式；围绕实体物理场、虚拟训练场、本体/部组件、场景应用制定80余项标准；训练数据管理要求和训练场环境构建规范已进入征求意见。","训练场互联互通和数据归集标准的关键样本，直接影响数据采集设备、数据格式和数据服务商准入。","verified","https://www.shanghai.gov.cn/nw15343/20251014/d0339346ade141b4a886722c3b3ed3af.html","需持续跟踪标准正式文本、分训练场认定规则和数据归集接口。"
"EALP-008","上海","上海/张江","standard_and_corpus_ecosystem","人形机器人及具身智能创新论坛；共建具身智能语料数据生态倡议","2024-11-01","上海市经济信息化委；上海市市场监管局；国家地方共建人形机器人创新中心；上海张江集团","政府部门新闻","S","yes","yes","no","partial","yes","yes","yes","论坛发布全国首批人形机器人具身智能标准，并发起《共建具身智能语料数据生态》倡议；库帕思、国地中心、智元、傅利叶、中国电科21所、开普勒签署具身智能语料运营合作意向。","显示上海较早把标准、语料运营和头部企业协作放在同一生态中，值得跟踪语料运营主体。","verified","https://www.shanghai.gov.cn/nw31406/20241101/ee05ed8490f34100a76a06490ac077c4.html","需补倡议书全文、团体标准全文和语料运营合作的具体产品。"
"EALP-009","上海","浦东/张江","industry_platform","张江具身智能数据联盟与“格物-致知”通用具身智能联合开发平台","2025-05-30","浦东新区人民政府；国家地方共建人形机器人创新中心等","政府新闻","S","yes","yes","partial","partial","yes","yes","yes","2025张江具身智能开发者大会上，浦东发布产业政策和标准互认计划，具身智能数据联盟和“格物-致知”通用具身智能联合开发平台成立亮相。","适合作为上海数据联盟、开发者平台、标准互认和场景开放的跟踪入口。","verified","https://www.shanghai.gov.cn/nw15343/20250603/ac06c586669746eab2f78d9327c937f9.html","需补平台运营方、数据开放范围、成员单位名单和开发者工具链。"
"EALP-010","上海","浦东/张江","data_factory","国家地方共建人形机器人创新中心训练场；智元机器人张江数采厂","2025-02-25","浦东新区人民政府；人形机器人（上海）有限公司；智元机器人","政府新闻","S","yes","yes","yes","partial","yes","yes","partial","浦东报道称全国首个异构人形机器人训练场于2025-01-21启用；智元在张江有4000平方米数采厂，100台机器人每日产生上万条数据；人形机器人（上海）有限公司开源全尺寸公版机“青龙”并发布开源百万真机数据集。","上海同时出现公共训练场和企业数据工厂，是数据采集设备、数据质检和多本体标准化的重要观察点。","verified","https://www.shanghai.gov.cn/nw15343/20250226/f879b08662ef400bbb62d0afa406b8e3.html","需从企业/平台官方补充数据格式、许可、数据样例和客户/研究者使用情况。"
"EALP-011","深圳/广东","深圳","policy","深圳市具身智能机器人技术创新与产业发展行动计划（2025-2027年）","2025-03-03","深圳市科技创新局","政策文件","S","yes","yes","yes","yes","yes","yes","yes","提出打造公共服务平台矩阵；支持具身智能技术试验场、广东省具身智能机器人创新中心、开放创新平台、开源社区、评测适配中心；研究具身数据采集解耦、遥操作与人类示教，开发真机数据采集平台和数据仿真平台，生成并发布开源数据集。","深圳明确把数据采集关键技术、真机/仿真数据平台、开源数据集和标准写入行动计划，适合硬件+平台+开源生态路线。","verified","https://stic.sz.gov.cn/gkmlpt/content/12/12052/mpost_12052515.html","后续跟踪广东省具身智能机器人创新中心和深圳市标准化技术委员会落地。"
"EALP-012","深圳/广东","深圳龙岗","robot_friendly_city","龙岗区具身智能机器人友好示范城区三年行动方案（2025—2027年）","2025-05-21","龙岗区人工智能（机器人）署；龙岗区政府","政府新闻","S","yes","yes","yes","yes","yes","partial","partial","公开报道提到“一署、两试点、六平台、N场景”；坂田示范街区计划通过技术研发、场景验证、产业协同、数据反哺全链条生态，六平台涵盖数据聚合、硬件创新、仿真测试等。","提供开放街区训练、城市治理场景和数据反哺路线，适合场景运营型数据服务。","needs_follow_up","https://www.sz.gov.cn/cn/xxgk/zfxxgj/gqdt/content/post_12196815.html","网页抓取不稳定；需补龙岗区政策原文或区政府发布件。"
"EALP-013","广东","全省/广州深圳等","policy","广东省人工智能赋能制造业高质量发展行动方案（2025—2027年）","2025-09-29","广东省人民政府办公厅；广东省工业和信息化厅","政策文件","S","partial","yes","yes","partial","yes","yes","yes","提出建设高质量工业数据集和工业知识语料库，支持可信数据空间；通过算力券、训力券支持模型训练；支持广州、深圳等地市建设具身智能训练场体系，提供数据训练和验证支撑；建设人工智能开源社区和开源生态中心。","省级制造业数据、训力券、训练场体系和开源生态组合，适合对接工业场景数据采集和机器人训练验证。","verified","https://www.gd.gov.cn/zwgk/wjk/qbwj/ybh/content/post_4787001.html","文件是AI+制造业总方案，具身智能为支撑体系之一；需搭配1+1+N训练场专项方案。"
"EALP-014","广东","全省/深圳示范区/N个分训练场","training_field_system","广东省“1+1+N”具身智能训练场体系","2025-12-13","广东省具身智能训练场；广晟控股集团；广东省具身智能科技有限公司","省级媒体/会议发布","A","yes","yes","yes","yes","yes","partial","yes","发布1个广东核心中枢、1个深圳示范窗口、N个垂直分训练场；八大平台覆盖数据、训练、标准、检测、产业、教育、资讯、人才；数据平台建设数据银行，训练集成平台定位机器人学校，检测认证平台提供数据质量等测评认证。","这是省级训练场网络和数据银行路线，适合规模化数据采集、跨场景调度、分训练场运营和数据交易。","needs_follow_up","https://news.southcn.com/node_54a44f01a2/597fb15cf5.shtml","尚未找到《广东省“1+1+N”具身智能训练场体系建设方案》政府原文；需补2025-09-04正式文件。"
"EALP-015","浙江/杭州","杭州","policy","杭州市具身智能机器人“强链补链”行动方案（2026-2027年）政策解读","2026-01-05","杭州市经济和信息化局（杭州市数字经济局）","政府公报政策解读","S","yes","yes","yes","partial","yes","partial","yes","提出构建三大服务平台，支持国家级具身智能行业应用中试基地、人形机器人中试验证暨应用推广中心、具身智能机器人制造业创新中心；强化高质量数据供给，支持企业采购数据产品及服务；支持上城区建设虚拟训练场和空间智能线下训练场基地。","杭州形成多区分工：中试、制造业创新中心、虚拟/线下训练场、数据产品采购，可作为民营生态+政策补贴的落地样本。","verified","https://zfgb.hangzhou.gov.cn/15/101220263/t104220263014/530114.shtml","需补正式行动方案全文、各区平台承担主体和资金细则。"
"EALP-016","浙江/杭州","杭州","national_pilot_base","国家人工智能应用中试基地（具身智能）","2026-05-16","杭州市相关平台；华为；阿里达摩院；杭州高新科创集团等","市委宣传系统新闻","S","yes","partial","partial","partial","yes","yes","partial","国家人工智能应用中试基地（具身智能）在杭州揭牌，称为中国首个面向具身智能领域的国家级应用中试基地；聚焦新消费、新物流、新制造、新工程、新安全、新农业；与华为、阿里达摩院共建联合创新中心和创新加速器。","中试基地更偏应用验证和产业孵化，可承接数据采集设备测试、场景验证和行业解决方案试点。","verified","https://www.hzxcw.gov.cn/content_47787.html","需补国家级认定文件、运营主体、开放服务目录和数据服务能力。"
"EALP-017","浙江","德清/长三角","public_training_field","长三角（德清）具身智能数据采集训练场；物理AI数据基座平台","2026-03-05","浙江无问智行科技有限公司；浙江大学及生态企业","省级机构转载/浙江日报","A","yes","yes","yes","yes","yes","partial","partial","室内总面积8000平方米，一期3000平方米，1:1还原车间、咖啡馆、客厅等真实应用场景；采集视觉、深度、力觉等数据并详细标注；发布物理AI数据基座平台，提供真实数据、仿真合成数据和工具链；预计2026年采集千万条数据。","德清是长三角公共数据采集训练场路线，适合研究数据采集标注成本、共享场景、物理AI数据基座和训练场运营。","verified","https://zjic.zj.gov.cn/zkdt/rdzx/202603/t20260326_24007563.shtml","该页面为浙江省经济信息中心转载浙江日报；需补德清当地政府或运营方原始发布。"
"EALP-018","浙江/杭州","杭州","draft_regulation","杭州市促进具身智能机器人产业发展条例（草案）","2025-08-14","杭州市人民政府；杭州市司法局；杭州市经信局等","省级机构转载/征求意见线索","A","yes","yes","yes","yes","yes","partial","partial","草案提出构建支撑具身智能机器人研发与应用的公共数据资源体系，推动市政、交通、文旅、自然资源等重点领域公共数据开放共享；支持可信数据空间和高质量训练数据集建设运营；建设多场景、多任务真实场景训练测试场地和仿真训练环境。","若条例落地，将为数据采集公司提供公共数据开放、可信数据空间和中试公共服务的制度依据。","needs_follow_up","https://zjic.zj.gov.cn/ywdh/cyfz/202508/t20250813_23628312.shtml","需补杭州市人民政府门户网站草案原文及正式通过状态。"
"EALP-019","安徽","全省/合肥芜湖等","policy","安徽省智能机器人产业发展行动方案（2025—2027年）","2025-11-10","安徽省人民政府办公厅；安徽省工业和信息化厅等","政策文件转载","S","partial","yes","yes","yes","yes","yes","yes","提出建设智能机器人数据训练场等创新平台；对省级智能机器人数据训练场、开源生态中心（社区）、中试平台、产业计量测试中心等给予最高500万元奖补；研发高质量数据集、仿真平台和开发环境；加强人形机器人行业标准规范、风险评估研究。","安徽把数据训练场、开源生态中心、中试平台、产业计量测试中心纳入省级奖补，适合公共服务平台和测评/计量路线。","verified","https://www.tl.gov.cn/tlsrmzf/c000841/pc/content/content_1995691327649275904.html","来源为铜陵市政府转载，页面标注来源安徽省人民政府办公厅；后续补安徽省政府原站URL。"
"EALP-020","安徽/合肥","合肥瑶海","public_training_field","合肥市具身智能机器人数据采集预训练场","2025-06-23","国际先进技术应用推进中心（合肥）；合肥市瑶海区","产业平台转载/合肥日报线索","B","yes","yes","yes","yes","yes","no","partial","合肥智能机器人公共服务平台核心板块，已建成700平方米预训练场，开展10余个生产场景的数据采集和训练验证；平台涵盖零部件生产加工、产品测试、场景训练、竞技赛事四大板块，并计划扩建到5000平方米、超100台机器人、30个以上细分场景。","合肥样本强调政府侧公共服务平台和制造业真实产线复刻，适合工业场景数据采集服务和产品测试联动。","needs_follow_up","https://www.ahchanye.com/zixun/56261.html","非政府原站转载；需补国先中心（合肥）、合肥日报或瑶海区政府原始发布。"
"EALP-021","安徽","合肥/芜湖","policy_cluster","安徽省人形机器人产业发展行动计划（2024—2027）","2024-12-06","安徽省工业和信息化厅；合肥市；芜湖市等","政府机构新闻线索","A","yes","partial","partial","partial","yes","partial","yes","安徽省发布人形机器人产业发展行动计划，打造合肥、芜湖两个产业先导区，构建省级创新平台、产业基金、招引孵化基地创新体系；芜湖机器人产业链企业300多家，2024年机器人产业产值突破350亿元。","安徽早期规划偏产业链和先导区，后续可与2025省级智能机器人方案中的数据训练场奖补衔接。","needs_follow_up","https://cczx.wuhu.gov.cn/cxzx/cyqy/8747758.html","芜湖市产业创新中心页面引用行动计划；需补安徽省工信厅正式发布原文和数据/训练场条款。"
