source_id,company,role,market,role_family,fast_entry_fit,positive_signals,risk_or_boundary,initial_judgment
SRC-robotics-163,Unitree Robotics,JAVA backend development engineer,China,backend platform,high,"Backend services, API design, database design, high-concurrency and performance optimization, Java/Spring ecosystem","May be mobile/app backend rather than robot operations core; need verify connection to real robot fleet/customer systems","Good quick-entry sample if role connects to robot operations, cloud service, after-sales, or customer delivery systems"
SRC-robotics-163,Unitree Robotics,data pipeline engineer,China,data pipeline platform,high,"Data cleaning, conversion, processing, feature extraction, storage, automated data processing infrastructure, cloud platform/data warehouse exposure","May sit close to model-training support; need verify whether model training is required or only data infrastructure","Strong match to data-loop platform if software/data engineering is the hard requirement"
SRC-robotics-163,Unitree Robotics,embodied intelligence software engineer,China,data collection and deployment platform,medium,"Robotic data collection software, data automation, model deployment/inference pipeline, hardware/software interface work","Closer to embedded deployment and model inference; may require robot-domain depth","Useful adjacent role but not first-priority unless platform/backend work dominates"
SRC-robotics-163,Unitree Robotics,robot data operations engineer,China,data operations,medium,"Robot data collection operations, data quality understanding, task execution, model tuning support","More operations than senior platform engineering; may underuse 20 years software platform experience","Useful for field feedback understanding, but not ideal as primary target"
SRC-robotics-163,Unitree Robotics,C++ development engineer,China,robot product software,medium_low,"Product software architecture, development tools/API, B-side customer customization","C++/Linux/RTOS and robot product stack may be closer to embedded/product software than backend platform","Potentially relevant if focused on tooling/API/customer platform, but less quick-entry than backend or data platform"
SRC-robotics-165,1X Technologies,Cloud and Infrastructure Engineer,Global comparator,cloud infrastructure and robot fleet platform,high,"Cloud infrastructure, APIs, consumer-facing applications, fleet data, telemetry, data storage, robot-cloud connectivity","Global comparator, not China target; may require relocation/English and robotics-domain collaboration","Excellent reference shape for ideal platform role: cloud/fleet/data infrastructure with robotics as context"
SRC-robotics-166,1X Technologies,Simulation Software Engineer,Global comparator,simulation platform,high,"Simulation platform, simulation environments, testing and verification, C++/Python, MuJoCo/Isaac Sim/Gazebo experience","Robotics simulation domain knowledge likely needed; should avoid if control/algorithm depth is the hard gate","Strong target category if platform/tooling work dominates over control algorithm ownership"
SRC-robotics-167,1X Technologies,Full Stack Engineer ERP/MRP,Global comparator,operations system,high,"Factory operations software, ERP/MRP, production planning, integrations, internal full-stack systems","Manufacturing operations rather than robot product itself; may provide less direct embodiment technical exposure","Strong operations-system entry pattern if in a robotics company with real production and deployment"
SRC-robotics-168,1X Technologies,Teleoperation Software Engineer,Global comparator,teleoperation platform,medium,"Low-latency video streaming, data pipelines, operator interface, human-in-the-loop robot operations","Closer to real-time robotics interaction; may require robotics/perception/control-adjacent depth","Potential adjacent role but should be screened carefully against the embodiment-control boundary"
