"layer","umi_zarr_field_or_concept","lerobot_v3_field_or_concept","mapping_recommendation","evidence","notes"
"container","dataset.zarr.zip with /data arrays and /meta/episode_ends","data/ Parquet shards, videos/ MP4 shards, meta/ JSON or Parquet","Keep UMI/Zarr as processed training export; create LeRobot v3 as interchange export from the same episode manifest.","SRC-robotics-068;SRC-robotics-053","Do not delete raw GoPro/SLAM artifacts after conversion."
"episode_boundary","/meta/episode_ends integer array","meta/episodes records with episode length, offsets and tasks","Convert episode_ends to per-episode start/end offsets, length and episode_index.","SRC-robotics-068;SRC-robotics-053","UMI stores only end indices in the example; add task_id and quality fields in platform manifest."
"wrist_rgb","/data/camera0_rgb, shape time x 224 x 224 x 3 uint8","observation.images.<camera>, MP4 or images, feature declared in meta/info.json","Map camera0_rgb to observation.images.wrist or observation.images.gripper; preserve original raw MP4 separately.","SRC-robotics-068;SRC-robotics-053","LeRobot stores visual data as video/image assets while exposing tensors through loader API."
"eef_position","/data/robot0_eef_pos, shape time x 3 float32","observation.state slice, with field_descriptions added by platform","Map into observation.state and document indices, unit and coordinate frame.","SRC-robotics-068;SRC-robotics-053","LeRobot feature schema is extensible; industrial delivery should add coordinate-frame metadata."
"eef_rotation","/data/robot0_eef_rot_axis_angle, shape time x 3 float32","observation.state slice, with rotation representation in field_descriptions","Map into observation.state and explicitly label axis-angle representation.","SRC-robotics-068;SRC-robotics-053","Avoid silently converting to quaternion unless conversion code/version is recorded."
"gripper_width","/data/robot0_gripper_width, shape time x 1 float32","observation.state slice and/or action gripper component depending task","Store observed width in observation.state; store commanded/target width in action when available.","SRC-robotics-068;SRC-robotics-053","Do not infer commanded action from observation without marking it as derived."
"demo_start_end_pose","/data/robot0_demo_start_pose and /data/robot0_demo_end_pose","episode metadata or optional observation.state fields","Prefer episode-level metadata for start/end pose; include as state only if model consumes it.","SRC-robotics-068;SRC-robotics-053","The UMI example includes these arrays; LeRobot does not require a direct equivalent."
"task_label","Not present in the UMI community example tree","meta/tasks.jsonl and task_index","Require dataset-level task text for every v0 episode before LeRobot export.","SRC-robotics-068;SRC-robotics-053","This is an added ToB delivery requirement, not a UMI example field."
"quality_metadata","Not present in the UMI community example tree","Custom metadata, sidecar QC CSV/report","Store QC in episode_quality.csv and optionally link to meta/episodes custom fields.","SRC-robotics-068;SRC-robotics-053;SRC-robotics-097","Needed for customer acceptance and later HIL/failure-data loops."
